{
  "timestamp": "20251115_141211",
  "image_name": "camera",
  "processing_time": 2.0938847064971924,
  "num_leaves": 18,
  "num_plants": 4,
  "plants": [
    {
      "plant_id": 1,
      "bounding_box": {
        "x_min": 2276.4196587030715,
        "y_min": 1403.08552671204,
        "x_max": 2395.397518520749,
        "y_max": 1613.2641638225257
      },
      "center": {
        "x": 2335.90858861191,
        "y": 1508.1748452672828
      },
      "num_leaves": 3
    },
    {
      "plant_id": 2,
      "bounding_box": {
        "x_min": 1270.9947188567878,
        "y_min": 549.7879241516966,
        "x_max": 1586.2385843164468,
        "y_max": 707.0443257676902
      },
      "center": {
        "x": 1428.6166515866173,
        "y": 628.4161249596934
      },
      "num_leaves": 7
    },
    {
      "plant_id": 3,
      "bounding_box": {
        "x_min": 1797.9196113915611,
        "y_min": 1230.884407279882,
        "x_max": 2117.5245942571787,
        "y_max": 1471.6863713798978
      },
      "center": {
        "x": 1957.7221028243698,
        "y": 1351.2853893298898
      },
      "num_leaves": 7
    },
    {
      "plant_id": 4,
      "bounding_box": {
        "x_min": 1954.0201930215294,
        "y_min": 739.5670378619154,
        "x_max": 1954.0201930215294,
        "y_max": 739.5670378619154
      },
      "center": {
        "x": 1954.0201930215294,
        "y": 739.5670378619154
      },
      "num_leaves": 1
    }
  ],
  "detection_parameters": {
    "confidence_threshold": 0.4,
    "dbscan_eps": "adaptive"
  }
}